,participant,demographics1:1,demographics1:2,demographics1:3,demographics2:1,anger_1:1,anger_1:2,anger_1:3,anger_1:4,anger_1:5,anger_1:6,anger_1:7,anger_1:8,anger_1:9,anger_1:10,anger_1:11,anger_1:12,anger_1:13,anger_1:14,anger_2:1,anger_2:2,anger_2:3,anger_2:4,anger_2:5,anger_2:6,anger_2:7,anger_2:8,anger_2:9,anger_2:10,anger_2:11,anger_2:12,anger_2:13,anger_2:14,bitter_1:1,bitter_1:2,bitter_1:3,bitter_1:4,bitter_1:5,bitter_1:6,bitter_1:7,bitter_1:8,bitter_1:9,bitter_1:10,bitter_1:11,bitter_1:12,bitter_1:13,bitter_1:14,bitter_2:1,bitter_2:2,bitter_2:3,bitter_2:4,bitter_2:5,bitter_2:6,bitter_2:7,bitter_2:8,bitter_2:9,bitter_2:10,bitter_2:11,bitter_2:12,bitter_2:13,bitter_2:14,fear_1:1,fear_1:2,fear_1:3,fear_1:4,fear_1:5,fear_1:6,fear_1:7,fear_1:8,fear_1:9,fear_1:10,fear_1:11,fear_1:12,fear_1:13,fear_1:14,fear_2:1,fear_2:2,fear_2:3,fear_2:4,fear_2:5,fear_2:6,fear_2:7,fear_2:8,fear_2:9,fear_2:10,fear_2:11,fear_2:12,fear_2:13,fear_2:14,joy_1:1,joy_1:2,joy_1:3,joy_1:4,joy_1:5,joy_1:6,joy_1:7,joy_1:8,joy_1:9,joy_1:10,joy_1:11,joy_1:12,joy_1:13,joy_1:14,joy_2:1,joy_2:2,joy_2:3,joy_2:4,joy_2:5,joy_2:6,joy_2:7,joy_2:8,joy_2:9,joy_2:10,joy_2:11,joy_2:12,joy_2:13,joy_2:14,peace_1:1,peace_1:2,peace_1:3,peace_1:4,peace_1:5,peace_1:6,peace_1:7,peace_1:8,peace_1:9,peace_1:10,peace_1:11,peace_1:12,peace_1:13,peace_1:14,peace_2:1,peace_2:2,peace_2:3,peace_2:4,peace_2:5,peace_2:6,peace_2:7,peace_2:8,peace_2:9,peace_2:10,peace_2:11,peace_2:12,peace_2:13,peace_2:14,power_1:1,power_1:2,power_1:3,power_1:4,power_1:5,power_1:6,power_1:7,power_1:8,power_1:9,power_1:10,power_1:11,power_1:12,power_1:13,power_1:14,power_2:1,power_2:2,power_2:3,power_2:4,power_2:5,power_2:6,power_2:7,power_2:8,power_2:9,power_2:10,power_2:11,power_2:12,power_2:13,power_2:14,sad_1:1,sad_1:2,sad_1:3,sad_1:4,sad_1:5,sad_1:6,sad_1:7,sad_1:8,sad_1:9,sad_1:10,sad_1:11,sad_1:12,sad_1:13,sad_1:14,sad_2:1,sad_2:2,sad_2:3,sad_2:4,sad_2:5,sad_2:6,sad_2:7,sad_2:8,sad_2:9,sad_2:10,sad_2:11,sad_2:12,sad_2:13,sad_2:14,surprise_1:1,surprise_1:2,surprise_1:3,surprise_1:4,surprise_1:5,surprise_1:6,surprise_1:7,surprise_1:8,surprise_1:9,surprise_1:10,surprise_1:11,surprise_1:12,surprise_1:13,surprise_1:14,surprise_2:1,surprise_2:2,surprise_2:3,surprise_2:4,surprise_2:5,surprise_2:6,surprise_2:7,surprise_2:8,surprise_2:9,surprise_2:10,surprise_2:11,surprise_2:12,surprise_2:13,surprise_2:14,tender_1:1,tender_1:2,tender_1:3,tender_1:4,tender_1:5,tender_1:6,tender_1:7,tender_1:8,tender_1:9,tender_1:10,tender_1:11,tender_1:12,tender_1:13,tender_1:14,tender_2:1,tender_2:2,tender_2:3,tender_2:4,tender_2:5,tender_2:6,tender_2:7,tender_2:8,tender_2:9,tender_2:10,tender_2:11,tender_2:12,tender_2:13,tender_2:14,tension_1:1,tension_1:2,tension_1:3,tension_1:4,tension_1:5,tension_1:6,tension_1:7,tension_1:8,tension_1:9,tension_1:10,tension_1:11,tension_1:12,tension_1:13,tension_1:14,tension_2:1,tension_2:2,tension_2:3,tension_2:4,tension_2:5,tension_2:6,tension_2:7,tension_2:8,tension_2:9,tension_2:10,tension_2:11,tension_2:12,tension_2:13,tension_2:14,transcendence_1:1,transcendence_1:2,transcendence_1:3,transcendence_1:4,transcendence_1:5,transcendence_1:6,transcendence_1:7,transcendence_1:8,transcendence_1:9,transcendence_1:10,transcendence_1:11,transcendence_1:12,transcendence_1:13,transcendence_1:14,transcendence_2:1,transcendence_2:2,transcendence_2:3,transcendence_2:4,transcendence_2:5,transcendence_2:6,transcendence_2:7,transcendence_2:8,transcendence_2:9,transcendence_2:10,transcendence_2:11,transcendence_2:12,transcendence_2:13,transcendence_2:14,goldmsi1:1,goldmsi1:2,goldmsi1:3,goldmsi1:4,goldmsi1:5,goldmsi1:6,goldmsi1:7,goldmsi1:8,goldmsi1:9,goldmsi1:10,goldmsi2:1,goldmsi2:2,goldmsi2:3,goldmsi2:4,goldmsi2:5,goldmsi2:6,goldmsi2:7,goldmsi2:8,goldmsi2:9,goldmsi2:10,goldmsi3:1,goldmsi3:2,goldmsi3:3,goldmsi3:4,goldmsi3:5,goldmsi3:6,goldmsi3:7,goldmsi3:8,goldmsi3:9,goldmsi3:10,goldmsi3:11,goldmsi4:1,goldmsi5:1,goldmsi6:1,goldmsi7:1,goldmsi8:1,goldmsi9:1,goldmsi10:1,goldmsi11:1,act_eng:1,perc_abi:1,mus_trai:1,sing_abi:1,emo:1,mus_soph:1,country,TIME_start,TIME_end,TIME_total
"('english',)",s.64179cbb-42b6-4c2d-a70c-90dcca42ed61.txt,Canada,English,42.0,1.0,5.0,5.0,5.0,1.0,1.0,5.0,3.0,5.0,1.0,5.0,1.0,4.0,1.0,1.0,4.0,3.0,1.0,2.0,1.0,5.0,1.0,1.0,1.0,4.0,1.0,5.0,1.0,1.0,4.0,4.0,1.0,2.0,1.0,2.0,4.0,1.0,2.0,1.0,1.0,2.0,1.0,4.0,1.0,1.0,1.0,4.0,4.0,3.0,2.0,1.0,2.0,1.0,1.0,2.0,1.0,5.0,1.0,1.0,4.0,2.0,1.0,3.0,2.0,1.0,1.0,5.0,4.0,4.0,1.0,1.0,4.0,2.0,1.0,4.0,2.0,5.0,2.0,4.0,1.0,4.0,3.0,4.0,1.0,1.0,1.0,1.0,1.0,4.0,2.0,5.0,1.0,1.0,2.0,1.0,4.0,1.0,5.0,5.0,1.0,1.0,1.0,5.0,2.0,5.0,1.0,1.0,3.0,1.0,4.0,5.0,5.0,5.0,1.0,1.0,1.0,5.0,4.0,5.0,1.0,3.0,5.0,1.0,5.0,2.0,1.0,5.0,1.0,2.0,1.0,2.0,3.0,3.0,2.0,1.0,3.0,1.0,1.0,3.0,1.0,1.0,1.0,2.0,1.0,4.0,3.0,4.0,1.0,4.0,3.0,3.0,2.0,4.0,1.0,4.0,4.0,1.0,1.0,2.0,1.0,5.0,3.0,3.0,2.0,2.0,1.0,4.0,1.0,4.0,2.0,2.0,4.0,1.0,3.0,3.0,4.0,1.0,2.0,4.0,1.0,2.0,1.0,2.0,1.0,2.0,1.0,1.0,4.0,2.0,4.0,1.0,4.0,3.0,3.0,2.0,1.0,2.0,4.0,2.0,1.0,4.0,1.0,4.0,3.0,1.0,1.0,2.0,1.0,4.0,5.0,5.0,5.0,5.0,2.0,2.0,1.0,4.0,1.0,1.0,1.0,4.0,2.0,4.0,1.0,2.0,1.0,1.0,1.0,4.0,4.0,2.0,1.0,3.0,5.0,1.0,4.0,2.0,2.0,5.0,1.0,1.0,1.0,3.0,4.0,5.0,4.0,4.0,5.0,2.0,5.0,3.0,1.0,1.0,2.0,2.0,1.0,4.0,1.0,4.0,1.0,1.0,1.0,4.0,2.0,4.0,2.0,2.0,2.0,4.0,2.0,1.0,1.0,3.0,3.0,3.0,2.0,4.0,2.0,1.0,1.0,1.0,1.0,1.0,1.0,5.0,4.0,5.0,2.0,1.0,4.0,1.0,5.0,1.0,1.0,4.0,1.0,1.0,1.0,4.0,3.0,4.0,2.0,3.0,2.0,2.0,4.0,3.0,1.0,2.0,3.0,6.0,3.0,5.0,7.0,7.0,6.0,7.0,7.0,5.0,6.0,7.0,7.0,7.0,5.0,7.0,6.0,7.0,5.0,7.0,3.0,7.0,6.0,7.0,2.0,7.0,7.0,7.0,6.0,5.0,7.0,7.0,5.0,5.0,1.0,1.0,4.0,3.0,4.0,43.0,61.0,32.0,35.0,39.0,96.0,"US, United States",2019-05-28-02-20,2019-05-28-03-03,43.0
"('english',)",s.df7b5355-4c90-4d79-b52d-f44efd1d4b09.txt,france,french,33.0,1.0,3.0,5.0,3.0,4.0,1.0,5.0,1.0,1.0,1.0,3.0,1.0,3.0,4.0,2.0,3.0,3.0,3.0,4.0,2.0,4.0,1.0,4.0,3.0,4.0,3.0,3.0,3.0,3.0,1.0,1.0,1.0,5.0,5.0,5.0,1.0,4.0,4.0,1.0,4.0,5.0,4.0,4.0,1.0,1.0,1.0,3.0,5.0,3.0,3.0,3.0,1.0,1.0,2.0,3.0,3.0,3.0,1.0,1.0,1.0,1.0,4.0,3.0,1.0,1.0,4.0,1.0,4.0,4.0,5.0,4.0,2.0,2.0,2.0,4.0,3.0,3.0,3.0,3.0,4.0,3.0,3.0,4.0,4.0,4.0,1.0,1.0,1.0,5.0,1.0,5.0,1.0,5.0,5.0,5.0,5.0,5.0,5.0,5.0,1.0,1.0,1.0,5.0,5.0,5.0,1.0,5.0,5.0,5.0,5.0,5.0,5.0,5.0,1.0,1.0,1.0,1.0,4.0,3.0,3.0,3.0,3.0,3.0,3.0,3.0,3.0,3.0,1.0,1.0,1.0,5.0,5.0,4.0,1.0,4.0,4.0,1.0,4.0,5.0,5.0,5.0,1.0,1.0,1.0,4.0,4.0,3.0,3.0,3.0,4.0,3.0,4.0,4.0,4.0,4.0,2.0,4.0,2.0,3.0,1.0,4.0,2.0,3.0,3.0,3.0,1.0,3.0,4.0,4.0,1.0,1.0,1.0,1.0,2.0,2.0,4.0,2.0,2.0,3.0,3.0,3.0,3.0,3.0,1.0,1.0,1.0,1.0,5.0,1.0,5.0,1.0,5.0,1.0,5.0,4.0,4.0,4.0,1.0,1.0,1.0,5.0,1.0,5.0,1.0,5.0,1.0,5.0,1.0,5.0,5.0,5.0,1.0,1.0,1.0,3.0,3.0,3.0,3.0,3.0,3.0,3.0,3.0,3.0,3.0,3.0,1.0,1.0,1.0,3.0,5.0,1.0,1.0,3.0,5.0,1.0,1.0,5.0,5.0,5.0,1.0,1.0,1.0,4.0,5.0,4.0,1.0,3.0,4.0,3.0,4.0,5.0,4.0,4.0,3.0,5.0,3.0,3.0,1.0,4.0,1.0,4.0,3.0,4.0,2.0,3.0,4.0,2.0,3.0,3.0,3.0,3.0,3.0,3.0,3.0,3.0,3.0,3.0,3.0,3.0,3.0,3.0,1.0,1.0,1.0,3.0,5.0,4.0,1.0,3.0,5.0,1.0,3.0,4.0,4.0,4.0,1.0,1.0,1.0,4.0,4.0,4.0,1.0,4.0,4.0,1.0,3.0,3.0,3.0,3.0,6.0,5.0,4.0,7.0,5.0,5.0,7.0,7.0,4.0,3.0,3.0,5.0,5.0,1.0,7.0,7.0,7.0,6.0,5.0,6.0,1.0,6.0,6.0,4.0,7.0,5.0,1.0,5.0,5.0,3.0,7.0,1.0,1.0,2.0,1.0,1.0,1.0,1.0,1.0,37.0,46.0,7.0,39.0,34.0,78.0,"ES, Spain",2019-05-31-20-48,2019-05-31-21-33,45.0
"('english',)",s.bcaa7f02-1c6c-46a4-acdf-622469714468.txt,Bulgaria,Bulgarian,28.0,1.0,5.0,3.0,4.0,2.0,1.0,5.0,2.0,4.0,1.0,4.0,1.0,1.0,1.0,1.0,4.0,2.0,4.0,3.0,1.0,5.0,2.0,4.0,1.0,4.0,1.0,3.0,1.0,3.0,3.0,4.0,2.0,2.0,2.0,4.0,3.0,2.0,1.0,3.0,1.0,1.0,1.0,4.0,2.0,3.0,1.0,4.0,4.0,2.0,2.0,3.0,3.0,1.0,3.0,4.0,1.0,4.0,3.0,4.0,1.0,3.0,2.0,3.0,4.0,2.0,1.0,2.0,1.0,2.0,1.0,3.0,4.0,3.0,4.0,4.0,1.0,5.0,3.0,4.0,1.0,4.0,1.0,3.0,3.0,3.0,2.0,2.0,2.0,3.0,2.0,3.0,1.0,3.0,1.0,3.0,1.0,1.0,4.0,3.0,1.0,3.0,2.0,5.0,2.0,3.0,2.0,2.0,2.0,2.0,1.0,2.0,5.0,4.0,2.0,2.0,2.0,3.0,4.0,2.0,4.0,3.0,4.0,3.0,3.0,2.0,1.0,4.0,1.0,3.0,1.0,3.0,2.0,3.0,3.0,3.0,2.0,3.0,1.0,2.0,1.0,1.0,3.0,4.0,2.0,3.0,1.0,5.0,3.0,2.0,2.0,2.0,2.0,2.0,1.0,4.0,3.0,3.0,3.0,3.0,2.0,4.0,2.0,3.0,1.0,3.0,2.0,3.0,1.0,4.0,1.0,4.0,2.0,3.0,3.0,4.0,4.0,2.0,3.0,2.0,3.0,1.0,1.0,3.0,1.0,3.0,1.0,3.0,5.0,3.0,4.0,2.0,5.0,4.0,5.0,4.0,1.0,1.0,2.0,2.0,2.0,5.0,1.0,4.0,2.0,4.0,2.0,2.0,1.0,4.0,1.0,3.0,2.0,3.0,2.0,3.0,1.0,4.0,2.0,3.0,1.0,4.0,4.0,3.0,1.0,4.0,2.0,3.0,1.0,5.0,4.0,3.0,2.0,3.0,4.0,2.0,3.0,4.0,1.0,5.0,3.0,3.0,3.0,4.0,2.0,2.0,3.0,3.0,4.0,4.0,2.0,2.0,1.0,1.0,3.0,2.0,3.0,2.0,1.0,4.0,3.0,5.0,1.0,4.0,1.0,1.0,1.0,3.0,4.0,4.0,2.0,3.0,2.0,3.0,4.0,2.0,3.0,2.0,2.0,3.0,1.0,4.0,4.0,4.0,2.0,3.0,1.0,4.0,3.0,3.0,2.0,4.0,2.0,2.0,1.0,4.0,3.0,3.0,2.0,3.0,3.0,3.0,4.0,4.0,1.0,3.0,2.0,2.0,1.0,4.0,3.0,2.0,1.0,4.0,5.0,7.0,6.0,6.0,4.0,6.0,6.0,6.0,6.0,5.0,1.0,1.0,7.0,7.0,2.0,1.0,1.0,6.0,6.0,2.0,7.0,6.0,1.0,1.0,6.0,6.0,1.0,1.0,2.0,3.0,1.0,2.0,1.0,1.0,3.0,19.0,55.0,13.0,42.0,11.0,67.0,"ES, Spain",2019-05-23-17-37,2019-05-23-17-55,18.0
"('english',)",s.bbf7a479-369f-489e-b04d-7500dc2fb8c3.txt,Canada,English,43.0,1.0,5.0,3.0,4.0,1.0,1.0,5.0,2.0,1.0,1.0,4.0,3.0,1.0,2.0,1.0,4.0,2.0,3.0,1.0,1.0,4.0,2.0,3.0,1.0,4.0,2.0,1.0,2.0,1.0,4.0,5.0,2.0,2.0,1.0,2.0,3.0,2.0,2.0,4.0,1.0,4.0,2.0,4.0,2.0,3.0,1.0,1.0,1.0,1.0,4.0,2.0,3.0,2.0,2.0,2.0,1.0,4.0,2.0,3.0,1.0,2.0,2.0,3.0,2.0,3.0,2.0,5.0,2.0,4.0,1.0,3.0,4.0,5.0,3.0,3.0,2.0,3.0,3.0,3.0,1.0,4.0,2.0,4.0,4.0,5.0,2.0,3.0,1.0,5.0,2.0,3.0,2.0,3.0,2.0,3.0,2.0,4.0,4.0,4.0,1.0,1.0,1.0,5.0,1.0,3.0,1.0,3.0,2.0,1.0,3.0,4.0,5.0,5.0,1.0,1.0,1.0,2.0,3.0,2.0,2.0,2.0,4.0,1.0,3.0,3.0,3.0,5.0,2.0,2.0,1.0,2.0,2.0,1.0,4.0,1.0,3.0,3.0,2.0,4.0,1.0,1.0,4.0,4.0,3.0,2.0,1.0,2.0,3.0,2.0,2.0,3.0,1.0,3.0,2.0,4.0,4.0,2.0,2.0,3.0,1.0,5.0,1.0,3.0,1.0,4.0,3.0,3.0,2.0,4.0,2.0,4.0,2.0,1.0,3.0,1.0,4.0,2.0,4.0,4.0,2.0,3.0,1.0,5.0,1.0,2.0,2.0,1.0,2.0,2.0,4.0,1.0,3.0,3.0,2.0,4.0,1.0,3.0,4.0,5.0,2.0,4.0,1.0,4.0,3.0,3.0,2.0,3.0,1.0,4.0,4.0,5.0,4.0,4.0,3.0,3.0,1.0,4.0,2.0,2.0,1.0,4.0,2.0,4.0,1.0,4.0,1.0,1.0,1.0,2.0,4.0,2.0,1.0,2.0,5.0,1.0,3.0,4.0,3.0,5.0,2.0,2.0,1.0,3.0,2.0,2.0,3.0,2.0,3.0,3.0,2.0,4.0,2.0,1.0,4.0,4.0,5.0,1.0,1.0,4.0,2.0,3.0,1.0,4.0,2.0,2.0,3.0,3.0,3.0,5.0,2.0,2.0,1.0,2.0,2.0,2.0,1.0,3.0,1.0,2.0,3.0,4.0,1.0,1.0,1.0,2.0,2.0,1.0,2.0,1.0,4.0,1.0,5.0,3.0,3.0,5.0,3.0,3.0,1.0,3.0,2.0,2.0,3.0,2.0,3.0,2.0,2.0,4.0,1.0,3.0,1.0,1.0,1.0,1.0,4.0,5.0,3.0,4.0,3.0,4.0,2.0,6.0,5.0,1.0,3.0,2.0,4.0,5.0,2.0,3.0,1.0,5.0,3.0,1.0,3.0,4.0,1.0,2.0,2.0,1.0,6.0,1.0,1.0,4.0,1.0,3.0,1.0,1.0,2.0,18.0,39.0,9.0,18.0,17.0,39.0,"ES, Spain",2019-07-28-15-44,2019-07-28-16-24,40.0
"('english',)",s.dc5b123c-1e54-4a05-8e37-937b4b736707.txt,USA,English ,73.0,2.0,5.0,5.0,5.0,1.0,1.0,3.0,1.0,1.0,1.0,5.0,1.0,1.0,1.0,1.0,4.0,4.0,3.0,1.0,1.0,5.0,1.0,1.0,1.0,5.0,1.0,1.0,1.0,1.0,3.0,3.0,3.0,2.0,1.0,4.0,2.0,1.0,1.0,3.0,1.0,2.0,1.0,4.0,3.0,3.0,3.0,1.0,1.0,1.0,4.0,1.0,1.0,1.0,1.0,1.0,1.0,5.0,2.0,2.0,2.0,1.0,1.0,1.0,1.0,1.0,1.0,4.0,1.0,2.0,1.0,1.0,5.0,5.0,3.0,1.0,1.0,1.0,1.0,1.0,1.0,5.0,1.0,1.0,1.0,1.0,1.0,1.0,1.0,5.0,1.0,5.0,1.0,3.0,1.0,1.0,1.0,1.0,1.0,3.0,1.0,1.0,1.0,5.0,2.0,3.0,1.0,3.0,1.0,1.0,1.0,4.0,5.0,5.0,1.0,1.0,1.0,2.0,3.0,3.0,3.0,1.0,4.0,1.0,2.0,4.0,1.0,4.0,1.0,1.0,1.0,4.0,4.0,1.0,3.0,1.0,4.0,1.0,3.0,5.0,3.0,3.0,5.0,5.0,3.0,1.0,1.0,4.0,1.0,1.0,1.0,4.0,1.0,1.0,1.0,2.0,5.0,3.0,3.0,1.0,1.0,1.0,1.0,1.0,1.0,1.0,1.0,1.0,1.0,2.0,1.0,1.0,1.0,1.0,4.0,1.0,5.0,1.0,4.0,1.0,4.0,4.0,1.0,3.0,1.0,1.0,1.0,1.0,5.0,1.0,4.0,1.0,5.0,1.0,5.0,4.0,1.0,2.0,1.0,1.0,1.0,5.0,1.0,1.0,1.0,1.0,1.0,1.0,1.0,3.0,5.0,5.0,1.0,1.0,1.0,3.0,1.0,3.0,1.0,1.0,1.0,1.0,1.0,2.0,1.0,2.0,1.0,1.0,1.0,1.0,5.0,1.0,4.0,1.0,5.0,1.0,3.0,5.0,4.0,5.0,1.0,1.0,1.0,5.0,2.0,3.0,1.0,3.0,3.0,1.0,1.0,5.0,3.0,3.0,5.0,5.0,5.0,1.0,1.0,5.0,1.0,1.0,1.0,4.0,1.0,1.0,1.0,2.0,5.0,5.0,5.0,1.0,1.0,1.0,1.0,1.0,1.0,1.0,1.0,1.0,1.0,3.0,1.0,1.0,1.0,1.0,4.0,1.0,3.0,1.0,3.0,1.0,5.0,3.0,1.0,5.0,1.0,1.0,1.0,3.0,1.0,3.0,1.0,1.0,1.0,1.0,1.0,2.0,1.0,4.0,1.0,2.0,1.0,1.0,5.0,7.0,1.0,4.0,7.0,3.0,3.0,4.0,7.0,1.0,5.0,6.0,3.0,5.0,4.0,2.0,1.0,5.0,4.0,5.0,1.0,4.0,1.0,4.0,1.0,1.0,7.0,3.0,2.0,5.0,1.0,1.0,1.0,1.0,3.0,27.0,44.0,10.0,11.0,28.0,42.0,"US, United States",2019-06-05-22-01,2019-06-05-23-21,80.0
"('english',)",s.75def8e3-0011-4fbc-b82a-536a9aad09f3.txt,France,French,27.0,2.0,5.0,5.0,3.0,1.0,1.0,5.0,3.0,1.0,1.0,4.0,1.0,4.0,1.0,4.0,5.0,4.0,3.0,1.0,1.0,4.0,4.0,1.0,1.0,4.0,1.0,4.0,1.0,3.0,4.0,2.0,1.0,4.0,3.0,3.0,4.0,1.0,4.0,1.0,1.0,3.0,1.0,4.0,3.0,4.0,3.0,1.0,3.0,1.0,3.0,1.0,1.0,3.0,1.0,2.0,1.0,4.0,1.0,1.0,1.0,4.0,4.0,4.0,1.0,1.0,1.0,1.0,1.0,3.0,1.0,3.0,3.0,1.0,1.0,1.0,1.0,2.0,4.0,1.0,3.0,1.0,1.0,3.0,1.0,4.0,1.0,1.0,1.0,4.0,3.0,4.0,1.0,1.0,3.0,1.0,1.0,2.0,4.0,4.0,1.0,1.0,1.0,5.0,2.0,4.0,1.0,1.0,1.0,1.0,1.0,2.0,1.0,4.0,1.0,1.0,1.0,3.0,4.0,2.0,1.0,1.0,4.0,1.0,1.0,3.0,1.0,4.0,1.0,1.0,1.0,2.0,5.0,1.0,1.0,1.0,5.0,1.0,1.0,3.0,1.0,4.0,1.0,1.0,1.0,3.0,2.0,3.0,1.0,1.0,1.0,1.0,1.0,3.0,1.0,2.0,3.0,1.0,1.0,3.0,1.0,4.0,1.0,1.0,1.0,4.0,1.0,3.0,1.0,4.0,1.0,1.0,3.0,3.0,5.0,1.0,4.0,1.0,3.0,1.0,3.0,5.0,1.0,3.0,1.0,1.0,1.0,1.0,2.0,1.0,5.0,1.0,3.0,1.0,1.0,2.0,1.0,4.0,1.0,1.0,1.0,5.0,1.0,5.0,1.0,1.0,1.0,1.0,1.0,3.0,1.0,3.0,4.0,4.0,1.0,1.0,1.0,4.0,1.0,1.0,1.0,1.0,1.0,3.0,1.0,4.0,1.0,1.0,1.0,4.0,5.0,1.0,1.0,1.0,5.0,1.0,1.0,4.0,1.0,5.0,1.0,1.0,1.0,5.0,3.0,3.0,1.0,1.0,4.0,1.0,1.0,3.0,1.0,4.0,5.0,3.0,3.0,1.0,1.0,4.0,4.0,1.0,1.0,3.0,1.0,3.0,1.0,4.0,2.0,3.0,3.0,1.0,1.0,1.0,4.0,1.0,1.0,1.0,1.0,3.0,1.0,4.0,1.0,1.0,1.0,4.0,5.0,4.0,1.0,1.0,4.0,1.0,1.0,3.0,1.0,4.0,4.0,4.0,1.0,1.0,3.0,3.0,3.0,1.0,1.0,1.0,1.0,3.0,1.0,4.0,5.0,7.0,1.0,3.0,6.0,7.0,6.0,4.0,7.0,5.0,6.0,5.0,7.0,6.0,7.0,7.0,2.0,7.0,7.0,7.0,5.0,7.0,7.0,7.0,1.0,6.0,6.0,4.0,5.0,3.0,7.0,7.0,3.0,4.0,7.0,6.0,5.0,3.0,9.0,40.0,58.0,40.0,25.0,42.0,88.0,"FR, France",2019-05-22-10-22,2019-05-22-10-53,31.0
"('english',)",s.ff20f74b-512c-4437-af40-8f3aa9a2f63b.txt,United Kingdom,English,54.0,2.0,4.0,4.0,4.0,3.0,1.0,5.0,4.0,3.0,1.0,5.0,2.0,2.0,1.0,2.0,4.0,4.0,2.0,1.0,1.0,5.0,1.0,1.0,1.0,4.0,1.0,3.0,1.0,3.0,2.0,2.0,1.0,4.0,2.0,2.0,4.0,4.0,4.0,4.0,4.0,4.0,1.0,5.0,3.0,2.0,4.0,2.0,1.0,2.0,3.0,3.0,3.0,4.0,3.0,2.0,1.0,5.0,1.0,1.0,1.0,4.0,1.0,4.0,1.0,4.0,2.0,4.0,5.0,2.0,1.0,3.0,4.0,4.0,2.0,4.0,1.0,4.0,2.0,3.0,2.0,4.0,3.0,4.0,3.0,4.0,1.0,1.0,1.0,5.0,3.0,4.0,2.0,4.0,4.0,2.0,4.0,4.0,4.0,4.0,1.0,1.0,1.0,5.0,2.0,3.0,2.0,4.0,2.0,3.0,3.0,4.0,3.0,3.0,1.0,1.0,1.0,4.0,2.0,2.0,2.0,2.0,4.0,2.0,4.0,4.0,1.0,5.0,1.0,1.0,1.0,5.0,3.0,3.0,4.0,3.0,4.0,3.0,3.0,4.0,1.0,1.0,3.0,3.0,2.0,4.0,2.0,4.0,2.0,2.0,2.0,4.0,4.0,3.0,1.0,4.0,3.0,3.0,3.0,5.0,1.0,4.0,2.0,2.0,1.0,4.0,2.0,4.0,2.0,4.0,1.0,1.0,1.0,3.0,2.0,2.0,4.0,1.0,3.0,3.0,3.0,3.0,1.0,4.0,1.0,3.0,3.0,4.0,4.0,3.0,4.0,2.0,5.0,3.0,5.0,3.0,1.0,1.0,2.0,2.0,2.0,5.0,1.0,4.0,2.0,2.0,2.0,4.0,3.0,4.0,4.0,4.0,3.0,3.0,3.0,5.0,1.0,5.0,3.0,3.0,3.0,3.0,3.0,4.0,1.0,4.0,1.0,1.0,1.0,4.0,4.0,3.0,1.0,1.0,5.0,3.0,4.0,3.0,1.0,5.0,1.0,1.0,1.0,4.0,3.0,3.0,4.0,4.0,4.0,3.0,3.0,4.0,1.0,1.0,4.0,4.0,3.0,4.0,1.0,5.0,1.0,4.0,1.0,5.0,2.0,3.0,1.0,4.0,3.0,4.0,3.0,3.0,1.0,2.0,4.0,2.0,2.0,4.0,3.0,4.0,1.0,4.0,1.0,1.0,1.0,4.0,3.0,3.0,3.0,4.0,3.0,4.0,4.0,3.0,1.0,4.0,1.0,1.0,1.0,4.0,1.0,2.0,2.0,3.0,3.0,3.0,3.0,3.0,1.0,4.0,3.0,5.0,3.0,4.0,5.0,5.0,6.0,4.0,5.0,6.0,6.0,4.0,4.0,6.0,3.0,5.0,4.0,5.0,5.0,5.0,3.0,5.0,5.0,3.0,5.0,5.0,5.0,3.0,5.0,3.0,6.0,6.0,2.0,4.0,3.0,5.0,3.0,2.0,4.0,28.0,44.0,30.0,33.0,31.0,78.0,"GB, United Kingdom",2019-08-08-22-50,2019-08-08-23-29,39.0
"('english',)",s.dce3216d-0071-4855-b666-8318abf7852d.txt,Colombia,Spanish,28.0,2.0,3.0,3.0,2.0,3.0,2.0,3.0,3.0,3.0,2.0,4.0,3.0,3.0,2.0,3.0,3.0,3.0,3.0,3.0,3.0,3.0,3.0,3.0,3.0,3.0,3.0,3.0,3.0,3.0,4.0,3.0,2.0,4.0,3.0,3.0,2.0,4.0,3.0,2.0,4.0,4.0,3.0,5.0,3.0,2.0,4.0,3.0,3.0,3.0,3.0,3.0,3.0,2.0,3.0,3.0,3.0,4.0,4.0,3.0,2.0,4.0,3.0,3.0,2.0,3.0,3.0,5.0,4.0,3.0,3.0,3.0,2.0,3.0,3.0,3.0,2.0,1.0,2.0,3.0,2.0,5.0,5.0,2.0,4.0,2.0,3.0,2.0,3.0,3.0,3.0,4.0,3.0,4.0,3.0,4.0,4.0,3.0,4.0,3.0,1.0,1.0,1.0,4.0,4.0,1.0,4.0,3.0,2.0,3.0,2.0,4.0,3.0,5.0,2.0,1.0,1.0,3.0,3.0,4.0,2.0,4.0,3.0,4.0,3.0,3.0,3.0,5.0,1.0,1.0,1.0,3.0,3.0,2.0,3.0,2.0,3.0,2.0,3.0,1.0,3.0,2.0,3.0,2.0,4.0,3.0,3.0,2.0,4.0,3.0,3.0,2.0,4.0,3.0,3.0,4.0,3.0,2.0,4.0,3.0,2.0,4.0,3.0,3.0,3.0,2.0,3.0,3.0,2.0,5.0,2.0,3.0,2.0,4.0,3.0,2.0,4.0,3.0,5.0,4.0,3.0,2.0,4.0,3.0,2.0,3.0,4.0,3.0,4.0,3.0,3.0,4.0,3.0,4.0,3.0,5.0,4.0,2.0,1.0,1.0,4.0,3.0,3.0,4.0,4.0,3.0,5.0,4.0,3.0,2.0,3.0,4.0,3.0,3.0,3.0,3.0,3.0,4.0,3.0,2.0,3.0,4.0,2.0,3.0,3.0,2.0,2.0,1.0,2.0,3.0,3.0,3.0,3.0,2.0,4.0,3.0,3.0,2.0,3.0,4.0,1.0,1.0,3.0,4.0,4.0,4.0,3.0,3.0,3.0,3.0,3.0,2.0,3.0,5.0,4.0,4.0,4.0,3.0,3.0,2.0,4.0,3.0,2.0,4.0,3.0,2.0,4.0,3.0,3.0,4.0,3.0,3.0,2.0,3.0,3.0,2.0,3.0,3.0,2.0,4.0,3.0,2.0,2.0,3.0,1.0,4.0,3.0,3.0,2.0,4.0,3.0,3.0,2.0,4.0,3.0,4.0,2.0,2.0,2.0,3.0,3.0,2.0,3.0,2.0,3.0,3.0,3.0,3.0,2.0,3.0,7.0,7.0,4.0,7.0,7.0,7.0,7.0,7.0,7.0,7.0,7.0,7.0,7.0,7.0,7.0,7.0,7.0,7.0,7.0,7.0,7.0,7.0,7.0,7.0,7.0,7.0,7.0,7.0,7.0,7.0,7.0,7.0,6.0,6.0,7.0,6.0,4.0,4.0,16.0,56.0,63.0,44.0,49.0,42.0,119.0,"CO, Colombia",2019-05-29-01-13,2019-05-29-01-34,21.0
"('english',)",s.8bd221d5-9b83-4320-82f1-943fdd15acbd.txt,USA,English,26.0,1.0,4.0,4.0,1.0,1.0,1.0,4.0,1.0,1.0,1.0,1.0,1.0,4.0,1.0,1.0,4.0,4.0,1.0,1.0,1.0,4.0,1.0,1.0,1.0,2.0,1.0,4.0,1.0,3.0,1.0,3.0,1.0,4.0,1.0,2.0,3.0,1.0,3.0,1.0,1.0,4.0,1.0,4.0,1.0,2.0,1.0,1.0,2.0,1.0,4.0,1.0,2.0,1.0,1.0,3.0,1.0,4.0,1.0,1.0,1.0,4.0,1.0,2.0,1.0,1.0,1.0,4.0,1.0,4.0,1.0,3.0,1.0,2.0,1.0,5.0,1.0,4.0,2.0,1.0,1.0,1.0,1.0,5.0,1.0,4.0,1.0,1.0,1.0,5.0,1.0,4.0,1.0,1.0,1.0,1.0,1.0,4.0,5.0,5.0,1.0,1.0,1.0,5.0,1.0,5.0,1.0,1.0,1.0,1.0,1.0,4.0,4.0,3.0,1.0,1.0,1.0,3.0,3.0,1.0,3.0,1.0,4.0,1.0,1.0,2.0,1.0,4.0,1.0,1.0,1.0,4.0,2.0,2.0,3.0,1.0,3.0,1.0,1.0,3.0,1.0,1.0,1.0,1.0,1.0,4.0,2.0,3.0,1.0,3.0,1.0,1.0,1.0,3.0,1.0,3.0,3.0,2.0,1.0,3.0,1.0,4.0,1.0,1.0,1.0,1.0,1.0,4.0,1.0,4.0,1.0,1.0,2.0,1.0,1.0,1.0,4.0,1.0,3.0,3.0,1.0,3.0,1.0,4.0,1.0,1.0,1.0,1.0,3.0,1.0,4.0,1.0,4.0,1.0,3.0,3.0,1.0,3.0,1.0,1.0,1.0,5.0,1.0,3.0,2.0,1.0,1.0,1.0,1.0,4.0,5.0,5.0,1.0,2.0,1.0,4.0,1.0,3.0,1.0,1.0,1.0,2.0,1.0,2.0,1.0,4.0,1.0,1.0,1.0,2.0,3.0,1.0,3.0,1.0,3.0,1.0,1.0,2.0,1.0,4.0,1.0,1.0,1.0,5.0,1.0,4.0,2.0,1.0,3.0,1.0,1.0,3.0,1.0,2.0,3.0,2.0,1.0,5.0,1.0,3.0,1.0,1.0,1.0,1.0,1.0,4.0,1.0,4.0,1.0,3.0,1.0,3.0,1.0,2.0,3.0,2.0,2.0,3.0,1.0,2.0,1.0,3.0,1.0,1.0,1.0,3.0,3.0,2.0,1.0,1.0,4.0,1.0,1.0,2.0,1.0,5.0,1.0,1.0,1.0,5.0,3.0,4.0,1.0,1.0,3.0,1.0,1.0,4.0,1.0,4.0,3.0,5.0,3.0,7.0,7.0,7.0,7.0,7.0,7.0,7.0,7.0,7.0,7.0,7.0,6.0,5.0,7.0,7.0,7.0,6.0,4.0,7.0,7.0,5.0,4.0,7.0,7.0,7.0,7.0,6.0,6.0,7.0,5.0,5.0,6.0,6.0,7.0,3.0,5.0,43.0,63.0,45.0,45.0,36.0,110.0,"US, United States",2019-06-04-05-29,2019-06-04-05-57,28.0
"('english',)",s.4ba38180-64b4-4e23-9a16-91d365f1cb30.txt,france,french,28.0,2.0,4.0,4.0,4.0,1.0,1.0,5.0,4.0,1.0,1.0,4.0,1.0,1.0,1.0,1.0,4.0,1.0,1.0,1.0,1.0,5.0,4.0,4.0,1.0,4.0,1.0,1.0,1.0,1.0,1.0,3.0,1.0,2.0,2.0,2.0,4.0,4.0,1.0,2.0,2.0,4.0,1.0,5.0,1.0,3.0,1.0,4.0,5.0,4.0,4.0,2.0,4.0,4.0,4.0,4.0,1.0,5.0,4.0,4.0,4.0,1.0,1.0,1.0,4.0,5.0,1.0,5.0,1.0,2.0,1.0,1.0,1.0,4.0,1.0,4.0,1.0,5.0,4.0,4.0,1.0,4.0,1.0,4.0,1.0,5.0,1.0,1.0,1.0,5.0,1.0,5.0,1.0,1.0,1.0,1.0,1.0,3.0,4.0,5.0,1.0,1.0,1.0,5.0,5.0,5.0,1.0,3.0,4.0,2.0,2.0,5.0,5.0,4.0,1.0,1.0,2.0,2.0,4.0,2.0,4.0,2.0,4.0,1.0,1.0,2.0,1.0,5.0,1.0,1.0,1.0,4.0,4.0,4.0,4.0,1.0,4.0,4.0,3.0,5.0,1.0,1.0,1.0,1.0,1.0,4.0,2.0,4.0,1.0,1.0,1.0,4.0,1.0,3.0,1.0,1.0,4.0,1.0,1.0,5.0,1.0,4.0,4.0,4.0,1.0,4.0,1.0,4.0,1.0,5.0,1.0,2.0,1.0,1.0,3.0,1.0,5.0,1.0,4.0,4.0,3.0,3.0,1.0,1.0,1.0,4.0,1.0,5.0,5.0,1.0,4.0,1.0,4.0,1.0,3.0,3.0,1.0,1.0,1.0,1.0,1.0,5.0,4.0,5.0,1.0,4.0,1.0,3.0,3.0,4.0,5.0,5.0,1.0,1.0,1.0,5.0,1.0,5.0,4.0,1.0,1.0,4.0,1.0,4.0,4.0,5.0,1.0,4.0,1.0,4.0,5.0,1.0,4.0,3.0,4.0,1.0,1.0,2.0,1.0,4.0,1.0,1.0,1.0,4.0,4.0,3.0,1.0,3.0,4.0,3.0,2.0,4.0,1.0,1.0,2.0,2.0,2.0,4.0,1.0,5.0,1.0,4.0,1.0,4.0,1.0,5.0,1.0,4.0,1.0,4.0,1.0,5.0,1.0,5.0,1.0,2.0,2.0,2.0,4.0,3.0,1.0,4.0,2.0,2.0,2.0,2.0,2.0,4.0,3.0,1.0,1.0,1.0,1.0,2.0,1.0,5.0,1.0,2.0,2.0,5.0,4.0,5.0,4.0,2.0,2.0,3.0,1.0,4.0,1.0,4.0,6.0,7.0,1.0,5.0,7.0,7.0,7.0,7.0,7.0,7.0,7.0,7.0,7.0,7.0,7.0,7.0,7.0,7.0,7.0,7.0,5.0,7.0,7.0,7.0,7.0,6.0,7.0,7.0,7.0,7.0,7.0,7.0,6.0,7.0,7.0,7.0,4.0,7.0,16.0,54.0,62.0,45.0,47.0,42.0,113.0,"FR, France",2019-05-22-14-01,2019-05-22-14-16,15.0
"('english',)",s.dcf4d0ba-2902-4605-81f1-a29a2d3fb316.txt,Colombia ,Spanish ,18.0,1.0,3.0,3.0,3.0,3.0,3.0,3.0,3.0,3.0,3.0,3.0,3.0,3.0,3.0,3.0,4.0,4.0,3.0,3.0,1.0,4.0,2.0,3.0,2.0,4.0,1.0,3.0,2.0,1.0,2.0,1.0,2.0,3.0,3.0,3.0,2.0,3.0,4.0,2.0,3.0,4.0,2.0,3.0,1.0,1.0,1.0,2.0,4.0,2.0,3.0,2.0,4.0,1.0,3.0,4.0,2.0,3.0,2.0,2.0,2.0,3.0,2.0,3.0,2.0,3.0,3.0,2.0,2.0,4.0,2.0,1.0,4.0,3.0,3.0,3.0,1.0,4.0,2.0,3.0,2.0,2.0,2.0,3.0,3.0,2.0,3.0,3.0,3.0,3.0,3.0,3.0,3.0,3.0,3.0,3.0,3.0,3.0,5.0,3.0,3.0,3.0,3.0,3.0,3.0,3.0,3.0,3.0,3.0,3.0,3.0,3.0,3.0,3.0,3.0,3.0,3.0,3.0,3.0,3.0,3.0,3.0,3.0,3.0,3.0,3.0,3.0,3.0,3.0,3.0,3.0,3.0,3.0,3.0,3.0,3.0,3.0,3.0,3.0,3.0,3.0,5.0,3.0,3.0,3.0,3.0,3.0,3.0,3.0,3.0,3.0,3.0,3.0,3.0,3.0,3.0,4.0,2.0,2.0,2.0,2.0,4.0,2.0,3.0,2.0,3.0,1.0,4.0,2.0,2.0,3.0,3.0,3.0,3.0,3.0,3.0,3.0,3.0,3.0,3.0,3.0,3.0,3.0,3.0,2.0,1.0,1.0,1.0,4.0,3.0,4.0,1.0,3.0,2.0,4.0,1.0,1.0,5.0,3.0,3.0,3.0,3.0,3.0,3.0,3.0,3.0,3.0,3.0,3.0,3.0,3.0,3.0,3.0,3.0,3.0,3.0,3.0,3.0,3.0,3.0,3.0,3.0,3.0,3.0,3.0,3.0,1.0,1.0,1.0,3.0,4.0,3.0,3.0,2.0,4.0,2.0,4.0,4.0,4.0,4.0,2.0,1.0,2.0,3.0,2.0,2.0,1.0,2.0,3.0,1.0,2.0,4.0,3.0,5.0,4.0,4.0,3.0,3.0,1.0,4.0,2.0,4.0,1.0,2.0,1.0,2.0,1.0,2.0,3.0,2.0,3.0,3.0,2.0,3.0,3.0,3.0,2.0,3.0,2.0,4.0,1.0,2.0,3.0,3.0,3.0,3.0,3.0,3.0,3.0,3.0,3.0,3.0,3.0,3.0,3.0,3.0,3.0,3.0,3.0,3.0,3.0,3.0,3.0,3.0,3.0,3.0,3.0,3.0,3.0,3.0,2.0,5.0,2.0,5.0,3.0,6.0,6.0,5.0,4.0,2.0,4.0,4.0,4.0,4.0,4.0,4.0,4.0,4.0,4.0,4.0,4.0,4.0,4.0,4.0,4.0,4.0,4.0,4.0,4.0,4.0,4.0,4.0,2.0,3.0,2.0,2.0,3.0,3.0,21.0,31.0,37.0,21.0,29.0,25.0,66.0,"CO, Colombia",2019-05-27-17-52,2019-05-27-18-44,52.0
"('english',)",s.996f0501-ff10-4f93-8fd4-124c0d328bf4.txt,Italy,NL,59.0,1.0,5.0,5.0,5.0,1.0,1.0,5.0,5.0,1.0,1.0,5.0,1.0,1.0,2.0,2.0,5.0,5.0,5.0,1.0,1.0,5.0,5.0,1.0,1.0,5.0,1.0,1.0,2.0,3.0,2.0,4.0,2.0,2.0,2.0,3.0,4.0,2.0,3.0,3.0,1.0,2.0,2.0,2.0,2.0,2.0,2.0,3.0,4.0,2.0,4.0,2.0,4.0,2.0,1.0,3.0,1.0,4.0,2.0,2.0,4.0,4.0,2.0,4.0,2.0,4.0,2.0,4.0,1.0,3.0,1.0,1.0,2.0,4.0,2.0,2.0,2.0,2.0,4.0,2.0,2.0,4.0,1.0,3.0,2.0,4.0,2.0,2.0,2.0,3.0,2.0,3.0,2.0,2.0,2.0,4.0,1.0,1.0,1.0,4.0,2.0,2.0,2.0,3.0,2.0,3.0,2.0,2.0,2.0,2.0,1.0,1.0,1.0,4.0,1.0,1.0,1.0,4.0,2.0,4.0,4.0,2.0,4.0,2.0,1.0,4.0,1.0,4.0,1.0,1.0,1.0,4.0,3.0,2.0,3.0,3.0,4.0,2.0,1.0,1.0,1.0,1.0,4.0,4.0,4.0,2.0,1.0,4.0,4.0,2.0,2.0,4.0,1.0,2.0,2.0,4.0,4.0,4.0,4.0,2.0,1.0,4.0,2.0,2.0,2.0,4.0,1.0,1.0,2.0,1.0,2.0,4.0,4.0,2.0,4.0,2.0,4.0,2.0,4.0,4.0,1.0,4.0,1.0,4.0,2.0,2.0,2.0,2.0,3.0,1.0,2.0,2.0,4.0,1.0,1.0,2.0,2.0,2.0,2.0,2.0,2.0,4.0,2.0,4.0,2.0,3.0,2.0,3.0,1.0,1.0,1.0,4.0,4.0,4.0,2.0,4.0,2.0,4.0,4.0,2.0,3.0,4.0,1.0,2.0,2.0,4.0,2.0,2.0,2.0,4.0,4.0,4.0,2.0,2.0,4.0,2.0,1.0,4.0,1.0,4.0,2.0,4.0,2.0,3.0,2.0,3.0,4.0,2.0,2.0,4.0,1.0,2.0,2.0,2.0,5.0,5.0,5.0,1.0,1.0,4.0,4.0,1.0,1.0,5.0,1.0,1.0,2.0,4.0,2.0,4.0,3.0,3.0,3.0,3.0,2.0,1.0,1.0,4.0,1.0,1.0,1.0,3.0,2.0,4.0,3.0,3.0,2.0,3.0,4.0,2.0,3.0,4.0,1.0,2.0,2.0,4.0,2.0,4.0,3.0,2.0,2.0,4.0,4.0,2.0,2.0,4.0,1.0,2.0,2.0,4.0,5.0,6.0,3.0,4.0,6.0,6.0,6.0,6.0,6.0,5.0,7.0,7.0,6.0,5.0,7.0,5.0,3.0,7.0,6.0,7.0,5.0,6.0,6.0,7.0,2.0,7.0,3.0,7.0,6.0,4.0,7.0,1.0,5.0,6.0,5.0,5.0,3.0,6.0,4.0,52.0,58.0,27.0,30.0,37.0,84.0,"EU, Europe",2019-06-17-11-33,2019-06-17-12-00,27.0
"('english',)",s.8821b5e5-8292-42fc-b4bd-238ba0e80920.txt,United States ,English,29.0,2.0,5.0,1.0,1.0,3.0,1.0,4.0,4.0,3.0,1.0,5.0,1.0,4.0,2.0,2.0,4.0,1.0,3.0,3.0,1.0,4.0,4.0,2.0,2.0,4.0,2.0,4.0,2.0,3.0,2.0,3.0,1.0,1.0,1.0,1.0,4.0,1.0,1.0,5.0,1.0,2.0,1.0,4.0,1.0,1.0,1.0,1.0,1.0,1.0,4.0,1.0,1.0,1.0,1.0,3.0,2.0,2.0,1.0,1.0,1.0,4.0,3.0,3.0,1.0,1.0,1.0,1.0,5.0,4.0,2.0,2.0,2.0,2.0,4.0,4.0,2.0,4.0,5.0,2.0,3.0,4.0,2.0,4.0,4.0,4.0,1.0,1.0,1.0,4.0,2.0,4.0,2.0,4.0,2.0,1.0,1.0,4.0,4.0,4.0,1.0,1.0,1.0,5.0,3.0,5.0,1.0,1.0,1.0,1.0,1.0,5.0,4.0,4.0,1.0,1.0,1.0,1.0,1.0,3.0,3.0,1.0,1.0,1.0,1.0,3.0,1.0,3.0,1.0,1.0,1.0,4.0,4.0,3.0,4.0,2.0,5.0,1.0,1.0,5.0,4.0,4.0,2.0,2.0,2.0,2.0,2.0,2.0,2.0,2.0,1.0,1.0,1.0,3.0,1.0,2.0,1.0,1.0,1.0,5.0,1.0,5.0,1.0,4.0,1.0,1.0,1.0,5.0,2.0,4.0,1.0,1.0,4.0,2.0,3.0,2.0,4.0,2.0,2.0,4.0,3.0,3.0,2.0,4.0,1.0,1.0,1.0,3.0,4.0,1.0,4.0,2.0,4.0,1.0,1.0,4.0,1.0,4.0,1.0,1.0,1.0,5.0,3.0,3.0,1.0,1.0,1.0,1.0,1.0,5.0,5.0,4.0,1.0,1.0,1.0,5.0,1.0,4.0,1.0,4.0,1.0,1.0,1.0,4.0,2.0,4.0,1.0,1.0,1.0,3.0,5.0,2.0,3.0,1.0,5.0,1.0,1.0,5.0,4.0,4.0,1.0,1.0,1.0,3.0,2.0,2.0,2.0,2.0,2.0,2.0,2.0,4.0,4.0,4.0,3.0,1.0,4.0,4.0,1.0,4.0,1.0,1.0,1.0,4.0,1.0,3.0,2.0,4.0,2.0,2.0,4.0,2.0,2.0,2.0,3.0,2.0,2.0,4.0,2.0,2.0,2.0,4.0,1.0,1.0,1.0,3.0,4.0,4.0,2.0,2.0,3.0,2.0,1.0,5.0,2.0,4.0,1.0,1.0,1.0,4.0,2.0,3.0,1.0,3.0,1.0,1.0,4.0,4.0,2.0,4.0,3.0,7.0,6.0,6.0,6.0,7.0,7.0,6.0,7.0,4.0,6.0,6.0,7.0,6.0,6.0,6.0,6.0,7.0,5.0,7.0,5.0,7.0,6.0,7.0,2.0,6.0,2.0,7.0,7.0,7.0,7.0,6.0,6.0,4.0,6.0,5.0,3.0,4.0,2.0,48.0,58.0,34.0,39.0,39.0,94.0,"US, United States",2019-06-04-18-51,2019-06-04-19-19,28.0
"('english',)",s.36367c09-b61f-4df0-91a8-f068e398d4de.txt,Spain,Spanish,45.0,1.0,4.0,4.0,2.0,3.0,1.0,3.0,1.0,2.0,1.0,4.0,1.0,2.0,1.0,1.0,3.0,1.0,1.0,5.0,2.0,5.0,1.0,1.0,1.0,3.0,1.0,5.0,1.0,3.0,1.0,2.0,1.0,3.0,3.0,2.0,2.0,3.0,1.0,3.0,2.0,3.0,1.0,1.0,1.0,1.0,1.0,2.0,2.0,1.0,3.0,2.0,2.0,1.0,3.0,3.0,1.0,1.0,1.0,1.0,1.0,4.0,1.0,3.0,2.0,1.0,3.0,2.0,1.0,2.0,1.0,3.0,3.0,1.0,1.0,5.0,1.0,4.0,4.0,1.0,2.0,1.0,2.0,5.0,3.0,2.0,1.0,2.0,1.0,5.0,1.0,4.0,2.0,1.0,2.0,1.0,1.0,4.0,3.0,1.0,1.0,1.0,1.0,5.0,1.0,4.0,1.0,3.0,1.0,1.0,1.0,3.0,5.0,5.0,1.0,1.0,1.0,3.0,3.0,1.0,3.0,2.0,2.0,1.0,1.0,3.0,1.0,1.0,1.0,2.0,1.0,1.0,3.0,1.0,4.0,1.0,3.0,1.0,3.0,4.0,5.0,5.0,1.0,1.0,1.0,4.0,1.0,3.0,1.0,2.0,1.0,2.0,1.0,4.0,1.0,1.0,3.0,1.0,1.0,3.0,1.0,4.0,1.0,3.0,1.0,2.0,1.0,4.0,1.0,1.0,1.0,3.0,1.0,1.0,3.0,1.0,2.0,1.0,3.0,3.0,3.0,4.0,1.0,1.0,1.0,3.0,1.0,1.0,2.0,1.0,4.0,1.0,3.0,1.0,3.0,3.0,1.0,5.0,1.0,1.0,1.0,4.0,1.0,2.0,1.0,3.0,1.0,1.0,1.0,3.0,1.0,1.0,1.0,1.0,1.0,4.0,1.0,4.0,1.0,2.0,2.0,1.0,1.0,3.0,1.0,1.0,1.0,2.0,1.0,3.0,4.0,1.0,2.0,1.0,3.0,1.0,2.0,3.0,5.0,3.0,1.0,2.0,1.0,1.0,3.0,1.0,3.0,2.0,3.0,1.0,3.0,3.0,1.0,5.0,3.0,1.0,1.0,4.0,1.0,4.0,1.0,1.0,1.0,3.0,1.0,3.0,1.0,1.0,1.0,2.0,2.0,3.0,2.0,2.0,3.0,2.0,1.0,2.0,2.0,3.0,1.0,5.0,1.0,1.0,1.0,4.0,1.0,4.0,1.0,3.0,1.0,1.0,1.0,4.0,1.0,3.0,1.0,1.0,1.0,4.0,3.0,3.0,2.0,2.0,1.0,1.0,1.0,3.0,1.0,2.0,4.0,3.0,1.0,1.0,7.0,6.0,6.0,4.0,6.0,5.0,4.0,6.0,6.0,6.0,4.0,5.0,6.0,7.0,7.0,5.0,3.0,7.0,7.0,4.0,7.0,6.0,6.0,3.0,5.0,5.0,5.0,1.0,6.0,5.0,6.0,5.0,7.0,2.0,21.0,30.0,56.0,37.0,35.0,31.0,89.0,"ES, Spain",2019-08-01-17-55,2019-08-01-18-39,44.0
"('english',)",s.48a09664-241c-43bf-9bdf-d8eed50965d6.txt,Romania,Romanian,37.0,1.0,4.0,3.0,3.0,1.0,1.0,4.0,2.0,1.0,1.0,2.0,1.0,3.0,3.0,1.0,4.0,3.0,3.0,1.0,1.0,3.0,2.0,1.0,1.0,3.0,1.0,4.0,4.0,3.0,1.0,3.0,1.0,2.0,1.0,1.0,1.0,1.0,2.0,1.0,1.0,4.0,2.0,4.0,1.0,2.0,2.0,1.0,1.0,2.0,3.0,3.0,1.0,3.0,2.0,5.0,5.0,4.0,1.0,2.0,1.0,3.0,1.0,1.0,1.0,2.0,1.0,5.0,1.0,5.0,1.0,3.0,3.0,3.0,1.0,1.0,1.0,3.0,1.0,1.0,1.0,2.0,1.0,2.0,2.0,3.0,1.0,1.0,1.0,4.0,1.0,2.0,1.0,2.0,1.0,1.0,1.0,1.0,1.0,3.0,1.0,1.0,1.0,4.0,1.0,1.0,1.0,2.0,4.0,1.0,1.0,3.0,5.0,5.0,1.0,1.0,1.0,2.0,1.0,1.0,2.0,1.0,4.0,1.0,1.0,1.0,1.0,4.0,1.0,2.0,1.0,2.0,1.0,1.0,3.0,1.0,4.0,1.0,1.0,1.0,1.0,4.0,2.0,2.0,1.0,2.0,1.0,2.0,1.0,2.0,1.0,1.0,1.0,3.0,1.0,2.0,2.0,4.0,1.0,1.0,1.0,4.0,1.0,1.0,1.0,1.0,1.0,4.0,2.0,4.0,1.0,1.0,4.0,1.0,3.0,1.0,4.0,1.0,1.0,3.0,3.0,4.0,1.0,4.0,1.0,2.0,2.0,1.0,1.0,1.0,3.0,1.0,4.0,2.0,1.0,2.0,1.0,4.0,1.0,1.0,1.0,5.0,1.0,2.0,1.0,1.0,1.0,1.0,1.0,4.0,5.0,3.0,1.0,1.0,1.0,3.0,1.0,4.0,2.0,2.0,1.0,4.0,1.0,2.0,3.0,3.0,1.0,1.0,1.0,1.0,5.0,1.0,1.0,2.0,3.0,1.0,3.0,4.0,5.0,5.0,1.0,1.0,1.0,1.0,1.0,1.0,3.0,1.0,4.0,1.0,1.0,2.0,1.0,5.0,2.0,3.0,2.0,2.0,1.0,5.0,1.0,1.0,1.0,3.0,1.0,3.0,1.0,2.0,2.0,2.0,3.0,1.0,1.0,1.0,3.0,1.0,1.0,4.0,1.0,3.0,1.0,3.0,1.0,2.0,2.0,1.0,3.0,2.0,2.0,1.0,2.0,1.0,3.0,2.0,1.0,4.0,1.0,2.0,1.0,2.0,1.0,1.0,2.0,2.0,1.0,2.0,1.0,2.0,2.0,2.0,7.0,7.0,7.0,4.0,7.0,7.0,6.0,7.0,6.0,2.0,5.0,6.0,6.0,4.0,7.0,5.0,3.0,6.0,6.0,7.0,5.0,5.0,5.0,6.0,1.0,7.0,3.0,7.0,4.0,3.0,6.0,5.0,3.0,7.0,3.0,4.0,3.0,6.0,4.0,59.0,54.0,25.0,23.0,37.0,82.0,"EU, Europe",2019-05-31-09-59,2019-05-31-10-30,31.0
"('english',)",s.6fa1d819-b8eb-49b5-a699-8190e4e183cf.txt,United States,English,32.0,1.0,4.0,4.0,2.0,1.0,1.0,4.0,4.0,1.0,1.0,4.0,1.0,1.0,1.0,1.0,4.0,3.0,2.0,1.0,1.0,4.0,2.0,2.0,2.0,2.0,2.0,2.0,1.0,4.0,2.0,4.0,2.0,2.0,2.0,2.0,4.0,2.0,2.0,2.0,2.0,2.0,1.0,5.0,2.0,2.0,4.0,2.0,2.0,2.0,4.0,2.0,2.0,2.0,2.0,2.0,1.0,4.0,1.0,1.0,1.0,4.0,2.0,4.0,2.0,2.0,2.0,4.0,4.0,4.0,1.0,4.0,2.0,4.0,2.0,2.0,2.0,4.0,4.0,2.0,2.0,2.0,2.0,5.0,1.0,4.0,1.0,1.0,1.0,4.0,2.0,4.0,1.0,1.0,1.0,1.0,4.0,2.0,5.0,5.0,1.0,1.0,1.0,5.0,3.0,4.0,1.0,1.0,2.0,2.0,2.0,4.0,4.0,4.0,2.0,2.0,2.0,2.0,4.0,2.0,2.0,2.0,5.0,2.0,2.0,4.0,2.0,4.0,2.0,4.0,4.0,2.0,2.0,2.0,4.0,2.0,4.0,2.0,2.0,2.0,1.0,1.0,3.0,3.0,2.0,2.0,2.0,4.0,2.0,2.0,2.0,2.0,2.0,2.0,1.0,2.0,4.0,5.0,2.0,2.0,1.0,4.0,2.0,2.0,2.0,4.0,4.0,2.0,2.0,4.0,2.0,3.0,3.0,2.0,4.0,2.0,4.0,1.0,4.0,2.0,4.0,4.0,1.0,4.0,2.0,2.0,4.0,1.0,4.0,2.0,4.0,2.0,4.0,2.0,4.0,4.0,1.0,1.0,4.0,4.0,2.0,2.0,2.0,2.0,2.0,2.0,2.0,2.0,2.0,1.0,4.0,4.0,2.0,2.0,4.0,2.0,2.0,2.0,2.0,2.0,2.0,4.0,1.0,2.0,1.0,2.0,2.0,2.0,2.0,2.0,4.0,2.0,2.0,2.0,4.0,2.0,2.0,2.0,4.0,4.0,2.0,2.0,4.0,2.0,2.0,2.0,4.0,2.0,4.0,2.0,2.0,2.0,1.0,1.0,4.0,3.0,5.0,1.0,1.0,4.0,3.0,1.0,1.0,4.0,1.0,1.0,2.0,4.0,2.0,4.0,2.0,1.0,1.0,1.0,4.0,1.0,2.0,2.0,2.0,2.0,1.0,4.0,2.0,2.0,2.0,2.0,2.0,2.0,4.0,2.0,4.0,2.0,2.0,4.0,1.0,4.0,2.0,2.0,2.0,2.0,4.0,2.0,2.0,2.0,2.0,2.0,2.0,2.0,4.0,4.0,5.0,3.0,3.0,5.0,7.0,5.0,3.0,5.0,5.0,6.0,5.0,5.0,5.0,5.0,5.0,5.0,3.0,5.0,6.0,6.0,3.0,5.0,3.0,3.0,5.0,5.0,2.0,3.0,3.0,3.0,6.0,3.0,3.0,4.0,2.0,3.0,1.0,4.0,2.0,35.0,45.0,19.0,28.0,31.0,69.0,"ES, Spain",2019-05-31-12-57,2019-05-31-13-26,29.0
"('english',)",s.df9f5ca8-fc60-469a-ae84-3e663eb96b6f.txt,France/England,French/English,23.0,2.0,5.0,4.0,4.0,2.0,2.0,4.0,1.0,1.0,2.0,4.0,1.0,2.0,1.0,2.0,2.0,3.0,3.0,2.0,3.0,4.0,2.0,4.0,3.0,3.0,5.0,4.0,1.0,3.0,2.0,4.0,2.0,4.0,4.0,4.0,4.0,1.0,4.0,1.0,2.0,3.0,1.0,5.0,1.0,5.0,2.0,2.0,3.0,4.0,4.0,3.0,4.0,2.0,4.0,3.0,1.0,5.0,1.0,2.0,2.0,4.0,2.0,5.0,1.0,4.0,4.0,1.0,4.0,5.0,1.0,3.0,2.0,2.0,3.0,4.0,2.0,5.0,4.0,3.0,3.0,3.0,4.0,4.0,1.0,5.0,1.0,1.0,1.0,5.0,1.0,4.0,1.0,3.0,1.0,1.0,3.0,3.0,5.0,5.0,2.0,3.0,2.0,5.0,2.0,5.0,2.0,4.0,3.0,4.0,4.0,5.0,1.0,5.0,1.0,4.0,1.0,2.0,5.0,4.0,4.0,2.0,4.0,1.0,1.0,4.0,1.0,5.0,2.0,4.0,2.0,2.0,2.0,5.0,4.0,3.0,2.0,3.0,4.0,5.0,1.0,5.0,2.0,2.0,2.0,3.0,4.0,3.0,2.0,2.0,4.0,3.0,1.0,3.0,1.0,5.0,1.0,2.0,1.0,5.0,3.0,4.0,1.0,4.0,3.0,3.0,3.0,4.0,1.0,5.0,1.0,1.0,3.0,2.0,5.0,2.0,4.0,1.0,3.0,1.0,1.0,3.0,1.0,5.0,1.0,4.0,5.0,2.0,4.0,5.0,5.0,3.0,4.0,3.0,4.0,5.0,1.0,5.0,1.0,4.0,1.0,5.0,2.0,4.0,1.0,4.0,3.0,3.0,2.0,5.0,5.0,5.0,3.0,1.0,4.0,5.0,2.0,5.0,2.0,4.0,1.0,4.0,3.0,5.0,5.0,5.0,1.0,1.0,1.0,4.0,4.0,4.0,4.0,3.0,4.0,2.0,1.0,2.0,1.0,5.0,1.0,4.0,4.0,4.0,3.0,5.0,4.0,4.0,4.0,2.0,4.0,4.0,1.0,5.0,4.0,3.0,3.0,4.0,1.0,4.0,3.0,3.0,1.0,4.0,4.0,3.0,1.0,4.0,1.0,4.0,5.0,1.0,2.0,4.0,4.0,3.0,2.0,4.0,3.0,4.0,1.0,5.0,1.0,1.0,1.0,3.0,3.0,4.0,2.0,2.0,4.0,2.0,4.0,2.0,1.0,5.0,1.0,2.0,4.0,2.0,2.0,4.0,3.0,2.0,4.0,2.0,3.0,4.0,1.0,5.0,7.0,7.0,4.0,6.0,6.0,7.0,7.0,7.0,7.0,6.0,7.0,7.0,6.0,7.0,7.0,7.0,5.0,7.0,5.0,7.0,3.0,7.0,7.0,6.0,7.0,3.0,5.0,7.0,7.0,5.0,7.0,7.0,6.0,6.0,6.0,7.0,3.0,6.0,3.0,53.0,57.0,41.0,43.0,40.0,109.0,"ES, Spain",2019-05-31-19-26,2019-05-31-20-02,36.0
"('english',)",s.0635a858-c008-440a-b1c8-9b7a5120c05a.txt,Greece,Greek,38.0,1.0,5.0,5.0,5.0,1.0,1.0,3.0,3.0,3.0,4.0,3.0,1.0,1.0,1.0,1.0,4.0,5.0,4.0,2.0,1.0,4.0,3.0,3.0,2.0,5.0,1.0,2.0,1.0,1.0,2.0,2.0,2.0,4.0,3.0,4.0,3.0,3.0,4.0,3.0,2.0,3.0,1.0,3.0,2.0,1.0,3.0,2.0,4.0,3.0,5.0,3.0,3.0,3.0,1.0,2.0,2.0,2.0,4.0,4.0,5.0,2.0,1.0,3.0,4.0,5.0,2.0,4.0,2.0,3.0,1.0,1.0,4.0,4.0,4.0,4.0,4.0,3.0,4.0,3.0,3.0,4.0,4.0,3.0,4.0,2.0,2.0,2.0,2.0,4.0,3.0,3.0,1.0,3.0,3.0,4.0,1.0,1.0,1.0,1.0,1.0,1.0,1.0,5.0,4.0,4.0,1.0,4.0,4.0,4.0,3.0,4.0,5.0,2.0,1.0,1.0,1.0,3.0,4.0,2.0,2.0,2.0,4.0,1.0,2.0,1.0,1.0,1.0,1.0,1.0,1.0,4.0,4.0,3.0,4.0,3.0,4.0,2.0,2.0,4.0,2.0,1.0,3.0,3.0,3.0,4.0,3.0,4.0,2.0,3.0,4.0,4.0,1.0,3.0,1.0,1.0,3.0,2.0,1.0,4.0,1.0,5.0,3.0,3.0,1.0,4.0,3.0,4.0,3.0,2.0,2.0,2.0,4.0,1.0,4.0,2.0,4.0,3.0,2.0,4.0,2.0,3.0,1.0,1.0,1.0,1.0,2.0,1.0,5.0,2.0,4.0,1.0,3.0,1.0,1.0,2.0,1.0,1.0,1.0,2.0,2.0,5.0,3.0,4.0,1.0,4.0,3.0,4.0,2.0,4.0,3.0,2.0,1.0,1.0,1.0,4.0,3.0,3.0,2.0,3.0,3.0,4.0,1.0,2.0,1.0,1.0,2.0,2.0,1.0,4.0,5.0,3.0,3.0,2.0,4.0,2.0,2.0,2.0,2.0,4.0,2.0,2.0,2.0,3.0,4.0,2.0,3.0,1.0,3.0,2.0,2.0,2.0,2.0,2.0,4.0,4.0,5.0,4.0,1.0,4.0,3.0,4.0,3.0,4.0,2.0,3.0,3.0,1.0,4.0,4.0,5.0,4.0,3.0,4.0,5.0,4.0,4.0,3.0,4.0,4.0,3.0,3.0,2.0,2.0,3.0,2.0,2.0,3.0,4.0,3.0,2.0,4.0,2.0,1.0,2.0,2.0,2.0,2.0,2.0,4.0,4.0,4.0,2.0,4.0,4.0,3.0,2.0,4.0,2.0,3.0,3.0,5.0,2.0,2.0,5.0,6.0,4.0,5.0,7.0,2.0,6.0,6.0,7.0,7.0,5.0,5.0,2.0,7.0,6.0,6.0,1.0,6.0,6.0,4.0,1.0,7.0,4.0,3.0,1.0,1.0,7.0,6.0,4.0,7.0,3.0,5.0,3.0,2.0,5.0,32.0,56.0,32.0,13.0,36.0,68.0,"ES, Spain",2019-06-04-13-31,2019-06-04-17-37,246.0
"('english',)",s.84315d17-ec9a-4048-94dd-23a3601c26fb.txt,Canada,French,23.0,2.0,5.0,5.0,5.0,3.0,1.0,4.0,2.0,3.0,1.0,4.0,1.0,3.0,1.0,1.0,5.0,5.0,4.0,3.0,1.0,4.0,1.0,2.0,1.0,4.0,2.0,5.0,2.0,3.0,4.0,5.0,2.0,3.0,1.0,1.0,4.0,1.0,2.0,3.0,1.0,3.0,2.0,5.0,2.0,2.0,4.0,1.0,4.0,2.0,5.0,1.0,3.0,1.0,3.0,4.0,4.0,5.0,1.0,2.0,1.0,3.0,1.0,2.0,2.0,4.0,1.0,4.0,2.0,3.0,1.0,3.0,3.0,5.0,2.0,4.0,1.0,4.0,4.0,2.0,1.0,4.0,3.0,4.0,4.0,5.0,1.0,1.0,1.0,5.0,1.0,5.0,1.0,3.0,1.0,1.0,3.0,5.0,5.0,5.0,1.0,1.0,1.0,5.0,1.0,4.0,1.0,3.0,1.0,1.0,2.0,5.0,5.0,5.0,1.0,1.0,1.0,3.0,5.0,1.0,2.0,1.0,5.0,1.0,1.0,1.0,1.0,5.0,1.0,1.0,1.0,2.0,4.0,2.0,5.0,2.0,5.0,2.0,3.0,4.0,1.0,2.0,2.0,4.0,2.0,3.0,2.0,3.0,3.0,2.0,1.0,2.0,3.0,4.0,1.0,4.0,5.0,5.0,2.0,4.0,1.0,4.0,1.0,2.0,1.0,2.0,3.0,5.0,4.0,5.0,2.0,3.0,5.0,1.0,4.0,1.0,4.0,1.0,1.0,2.0,3.0,3.0,1.0,5.0,1.0,1.0,4.0,2.0,4.0,2.0,5.0,1.0,4.0,1.0,5.0,2.0,1.0,2.0,4.0,2.0,2.0,5.0,1.0,4.0,1.0,2.0,1.0,4.0,1.0,5.0,5.0,5.0,4.0,4.0,2.0,4.0,1.0,5.0,1.0,1.0,1.0,3.0,2.0,5.0,4.0,4.0,1.0,1.0,1.0,4.0,5.0,1.0,2.0,1.0,5.0,1.0,2.0,1.0,5.0,5.0,1.0,1.0,1.0,4.0,4.0,2.0,2.0,2.0,4.0,2.0,2.0,4.0,1.0,3.0,2.0,2.0,5.0,1.0,1.0,4.0,1.0,2.0,1.0,4.0,1.0,2.0,1.0,4.0,5.0,5.0,3.0,2.0,1.0,4.0,2.0,1.0,1.0,4.0,2.0,3.0,2.0,4.0,1.0,1.0,1.0,4.0,4.0,4.0,5.0,1.0,4.0,1.0,4.0,2.0,2.0,5.0,2.0,4.0,3.0,2.0,1.0,2.0,4.0,2.0,2.0,1.0,1.0,2.0,1.0,4.0,7.0,7.0,5.0,6.0,6.0,5.0,7.0,7.0,7.0,6.0,7.0,7.0,7.0,7.0,7.0,7.0,7.0,7.0,5.0,5.0,6.0,7.0,6.0,7.0,7.0,2.0,5.0,7.0,7.0,5.0,7.0,6.0,6.0,7.0,6.0,6.0,5.0,6.0,3.0,59.0,54.0,41.0,45.0,38.0,113.0,"ES, Spain",2019-07-13-21-47,2019-07-13-22-12,25.0
"('english',)",s.7a3c5a37-5658-4ec3-87af-621ecaad39be.txt,USA,English,24.0,2.0,5.0,5.0,2.0,1.0,1.0,4.0,1.0,1.0,1.0,5.0,1.0,2.0,1.0,2.0,4.0,4.0,1.0,2.0,1.0,4.0,1.0,2.0,1.0,4.0,1.0,4.0,5.0,3.0,1.0,2.0,1.0,4.0,3.0,4.0,2.0,1.0,3.0,1.0,2.0,3.0,1.0,5.0,1.0,4.0,1.0,2.0,4.0,1.0,3.0,1.0,4.0,1.0,3.0,3.0,1.0,5.0,2.0,2.0,2.0,3.0,1.0,4.0,1.0,4.0,1.0,4.0,1.0,3.0,1.0,3.0,4.0,5.0,2.0,3.0,1.0,5.0,4.0,1.0,1.0,1.0,1.0,5.0,5.0,5.0,1.0,1.0,1.0,5.0,1.0,5.0,1.0,1.0,1.0,1.0,1.0,3.0,5.0,5.0,1.0,1.0,1.0,5.0,1.0,5.0,1.0,4.0,1.0,1.0,1.0,3.0,2.0,5.0,1.0,1.0,1.0,4.0,4.0,2.0,1.0,1.0,5.0,1.0,1.0,2.0,1.0,5.0,1.0,2.0,1.0,4.0,3.0,2.0,1.0,1.0,4.0,1.0,2.0,3.0,1.0,2.0,2.0,2.0,2.0,4.0,1.0,5.0,1.0,1.0,1.0,1.0,1.0,4.0,5.0,5.0,2.0,4.0,2.0,4.0,1.0,5.0,2.0,2.0,1.0,1.0,1.0,4.0,4.0,5.0,2.0,5.0,4.0,1.0,1.0,2.0,4.0,1.0,2.0,4.0,1.0,3.0,1.0,5.0,1.0,2.0,3.0,2.0,3.0,2.0,5.0,1.0,5.0,1.0,1.0,3.0,1.0,2.0,2.0,4.0,2.0,3.0,2.0,4.0,2.0,2.0,1.0,1.0,1.0,5.0,5.0,5.0,4.0,2.0,2.0,4.0,2.0,4.0,2.0,2.0,1.0,1.0,2.0,4.0,5.0,5.0,1.0,1.0,1.0,4.0,4.0,2.0,1.0,1.0,4.0,1.0,5.0,3.0,1.0,5.0,1.0,1.0,1.0,4.0,3.0,4.0,1.0,1.0,2.0,1.0,2.0,3.0,4.0,2.0,4.0,4.0,5.0,3.0,1.0,4.0,1.0,2.0,1.0,4.0,1.0,3.0,2.0,4.0,2.0,4.0,1.0,2.0,3.0,3.0,4.0,1.0,2.0,2.0,1.0,2.0,1.0,5.0,1.0,1.0,2.0,4.0,3.0,5.0,3.0,1.0,4.0,1.0,5.0,2.0,1.0,5.0,2.0,2.0,1.0,4.0,1.0,5.0,1.0,3.0,2.0,1.0,4.0,4.0,1.0,5.0,7.0,7.0,7.0,7.0,7.0,5.0,7.0,5.0,7.0,7.0,7.0,6.0,6.0,7.0,7.0,7.0,7.0,7.0,6.0,7.0,6.0,6.0,6.0,7.0,7.0,6.0,7.0,6.0,7.0,7.0,7.0,7.0,6.0,5.0,7.0,7.0,3.0,4.0,2.0,54.0,56.0,44.0,49.0,41.0,118.0,"GB, United Kingdom",2019-05-24-10-18,2019-05-24-10-44,26.0
"('english',)",s.68b056b0-a979-4ea2-b544-1d4ad5a5fd9c.txt,United States,English,37.0,2.0,2.0,2.0,2.0,2.0,2.0,5.0,2.0,4.0,1.0,4.0,2.0,4.0,1.0,1.0,2.0,2.0,2.0,2.0,2.0,5.0,1.0,4.0,1.0,2.0,2.0,4.0,1.0,3.0,3.0,4.0,1.0,2.0,3.0,1.0,4.0,2.0,2.0,4.0,3.0,1.0,1.0,4.0,4.0,4.0,3.0,1.0,1.0,1.0,5.0,4.0,2.0,5.0,2.0,2.0,1.0,4.0,1.0,1.0,1.0,5.0,4.0,4.0,1.0,4.0,4.0,2.0,4.0,5.0,2.0,3.0,4.0,4.0,1.0,3.0,2.0,4.0,4.0,4.0,1.0,3.0,2.0,3.0,1.0,4.0,1.0,1.0,1.0,4.0,3.0,4.0,1.0,3.0,4.0,2.0,3.0,3.0,4.0,4.0,1.0,1.0,1.0,5.0,2.0,5.0,1.0,4.0,2.0,2.0,2.0,4.0,5.0,4.0,1.0,1.0,1.0,4.0,4.0,2.0,1.0,1.0,5.0,2.0,4.0,3.0,1.0,5.0,4.0,4.0,1.0,4.0,4.0,1.0,4.0,2.0,4.0,2.0,2.0,3.0,1.0,1.0,1.0,1.0,1.0,4.0,2.0,3.0,1.0,3.0,4.0,2.0,2.0,3.0,1.0,4.0,1.0,1.0,1.0,4.0,2.0,5.0,1.0,4.0,2.0,2.0,2.0,3.0,1.0,5.0,2.0,4.0,4.0,1.0,3.0,2.0,5.0,4.0,1.0,4.0,2.0,1.0,1.0,4.0,2.0,4.0,2.0,2.0,4.0,3.0,5.0,2.0,5.0,4.0,4.0,3.0,1.0,1.0,1.0,1.0,1.0,5.0,2.0,4.0,1.0,4.0,2.0,2.0,2.0,4.0,5.0,5.0,3.0,4.0,2.0,2.0,2.0,5.0,3.0,4.0,2.0,3.0,2.0,3.0,1.0,3.0,1.0,1.0,1.0,4.0,4.0,2.0,2.0,1.0,4.0,2.0,2.0,1.0,1.0,5.0,1.0,1.0,1.0,4.0,4.0,3.0,2.0,2.0,5.0,2.0,3.0,3.0,1.0,1.0,4.0,4.0,2.0,1.0,1.0,4.0,2.0,4.0,1.0,5.0,1.0,1.0,1.0,4.0,4.0,4.0,1.0,2.0,2.0,2.0,4.0,2.0,2.0,4.0,1.0,2.0,1.0,4.0,1.0,1.0,2.0,2.0,4.0,4.0,2.0,2.0,5.0,2.0,5.0,3.0,1.0,5.0,1.0,1.0,1.0,4.0,4.0,4.0,2.0,2.0,4.0,2.0,4.0,3.0,1.0,4.0,6.0,7.0,6.0,5.0,7.0,6.0,6.0,7.0,7.0,7.0,6.0,7.0,7.0,6.0,5.0,6.0,7.0,7.0,6.0,7.0,5.0,7.0,7.0,7.0,3.0,6.0,5.0,6.0,5.0,4.0,7.0,6.0,3.0,1.0,3.0,5.0,5.0,3.0,2.0,46.0,60.0,33.0,37.0,40.0,102.0,"US, United States",2019-05-22-23-46,2019-05-23-00-40,54.0
"('english',)",s.c893a345-43a7-4697-85b4-77d24e93b288.txt,Romania,Romanian,27.0,2.0,5.0,5.0,2.0,4.0,1.0,5.0,2.0,4.0,1.0,4.0,1.0,4.0,3.0,2.0,4.0,4.0,4.0,4.0,2.0,4.0,2.0,2.0,1.0,4.0,1.0,4.0,3.0,3.0,4.0,5.0,2.0,3.0,4.0,3.0,3.0,1.0,3.0,2.0,1.0,4.0,3.0,4.0,2.0,4.0,2.0,3.0,4.0,2.0,3.0,2.0,4.0,2.0,2.0,2.0,2.0,4.0,3.0,5.0,3.0,4.0,3.0,3.0,2.0,4.0,4.0,4.0,3.0,5.0,3.0,3.0,5.0,4.0,3.0,3.0,2.0,4.0,3.0,2.0,1.0,4.0,1.0,2.0,1.0,4.0,3.0,2.0,1.0,4.0,2.0,4.0,1.0,1.0,1.0,3.0,1.0,1.0,4.0,4.0,1.0,1.0,1.0,5.0,3.0,4.0,1.0,4.0,1.0,4.0,4.0,4.0,4.0,4.0,2.0,2.0,2.0,4.0,4.0,3.0,4.0,4.0,4.0,3.0,4.0,4.0,2.0,4.0,2.0,4.0,2.0,4.0,4.0,4.0,4.0,4.0,4.0,4.0,4.0,4.0,2.0,3.0,4.0,4.0,2.0,4.0,2.0,2.0,4.0,3.0,1.0,2.0,1.0,3.0,3.0,4.0,3.0,3.0,2.0,4.0,2.0,4.0,2.0,3.0,1.0,4.0,1.0,4.0,3.0,4.0,4.0,4.0,4.0,2.0,3.0,2.0,4.0,2.0,4.0,4.0,4.0,4.0,3.0,4.0,2.0,4.0,2.0,2.0,4.0,2.0,4.0,3.0,4.0,2.0,4.0,4.0,3.0,4.0,1.0,1.0,1.0,5.0,3.0,4.0,2.0,4.0,1.0,4.0,1.0,5.0,5.0,4.0,4.0,2.0,2.0,4.0,1.0,4.0,1.0,3.0,1.0,4.0,1.0,4.0,2.0,4.0,1.0,1.0,1.0,3.0,4.0,1.0,1.0,2.0,5.0,1.0,2.0,3.0,1.0,5.0,3.0,4.0,2.0,4.0,4.0,4.0,4.0,4.0,4.0,4.0,2.0,4.0,2.0,4.0,3.0,4.0,4.0,4.0,1.0,3.0,1.0,1.0,1.0,3.0,1.0,3.0,2.0,3.0,4.0,4.0,4.0,2.0,4.0,2.0,4.0,2.0,3.0,4.0,2.0,2.0,4.0,4.0,3.0,4.0,2.0,4.0,4.0,4.0,4.0,2.0,4.0,4.0,4.0,3.0,3.0,4.0,3.0,4.0,3.0,2.0,2.0,2.0,4.0,2.0,3.0,2.0,1.0,3.0,3.0,4.0,5.0,6.0,2.0,3.0,4.0,4.0,4.0,5.0,7.0,3.0,4.0,2.0,3.0,4.0,5.0,7.0,4.0,3.0,5.0,6.0,3.0,3.0,3.0,5.0,3.0,4.0,2.0,6.0,5.0,3.0,6.0,1.0,2.0,4.0,3.0,2.0,1.0,7.0,1.0,42.0,30.0,15.0,25.0,37.0,59.0,"ES, Spain",2019-05-22-11-39,2019-05-22-12-10,31.0
"('english',)",s.cee2cec5-e266-4020-b93d-cb661b0e636d.txt,Germany,German,35.0,1.0,5.0,5.0,3.0,2.0,1.0,5.0,4.0,4.0,1.0,4.0,2.0,4.0,1.0,2.0,4.0,4.0,2.0,2.0,1.0,5.0,1.0,3.0,2.0,4.0,3.0,4.0,1.0,3.0,4.0,2.0,2.0,4.0,2.0,3.0,4.0,2.0,4.0,4.0,2.0,4.0,1.0,4.0,1.0,1.0,1.0,1.0,5.0,3.0,4.0,1.0,4.0,3.0,4.0,4.0,1.0,4.0,3.0,3.0,4.0,2.0,3.0,4.0,2.0,3.0,1.0,4.0,4.0,4.0,1.0,1.0,2.0,3.0,1.0,4.0,3.0,5.0,3.0,3.0,3.0,3.0,2.0,4.0,1.0,4.0,2.0,2.0,2.0,4.0,4.0,4.0,2.0,2.0,2.0,1.0,1.0,2.0,5.0,5.0,1.0,1.0,1.0,5.0,3.0,4.0,1.0,4.0,4.0,2.0,3.0,4.0,5.0,5.0,1.0,1.0,1.0,2.0,4.0,2.0,4.0,2.0,4.0,1.0,2.0,2.0,1.0,5.0,2.0,2.0,2.0,4.0,4.0,4.0,3.0,3.0,4.0,3.0,4.0,4.0,1.0,1.0,2.0,2.0,2.0,4.0,2.0,3.0,2.0,2.0,3.0,2.0,3.0,4.0,1.0,3.0,4.0,2.0,2.0,4.0,2.0,4.0,1.0,4.0,2.0,2.0,2.0,4.0,1.0,4.0,2.0,3.0,4.0,2.0,4.0,3.0,4.0,4.0,2.0,4.0,4.0,4.0,5.0,5.0,2.0,3.0,4.0,1.0,5.0,4.0,4.0,2.0,4.0,2.0,4.0,4.0,1.0,1.0,3.0,1.0,1.0,4.0,3.0,4.0,2.0,3.0,2.0,2.0,1.0,4.0,1.0,2.0,3.0,2.0,3.0,4.0,2.0,4.0,4.0,3.0,2.0,4.0,2.0,4.0,3.0,4.0,1.0,1.0,1.0,3.0,5.0,3.0,1.0,1.0,4.0,1.0,2.0,3.0,5.0,4.0,2.0,2.0,2.0,3.0,2.0,3.0,4.0,3.0,2.0,3.0,2.0,3.0,1.0,1.0,4.0,1.0,2.0,4.0,2.0,5.0,2.0,4.0,2.0,3.0,1.0,5.0,5.0,4.0,4.0,5.0,2.0,1.0,1.0,3.0,4.0,1.0,1.0,4.0,1.0,4.0,1.0,4.0,1.0,1.0,1.0,3.0,4.0,2.0,2.0,2.0,4.0,1.0,3.0,2.0,1.0,4.0,2.0,4.0,2.0,4.0,2.0,4.0,4.0,3.0,2.0,4.0,3.0,2.0,1.0,4.0,7.0,6.0,3.0,6.0,5.0,7.0,6.0,6.0,7.0,6.0,7.0,7.0,6.0,6.0,7.0,7.0,7.0,7.0,5.0,6.0,5.0,7.0,7.0,7.0,5.0,5.0,7.0,6.0,7.0,6.0,7.0,7.0,6.0,5.0,6.0,6.0,5.0,5.0,4.0,51.0,58.0,43.0,43.0,38.0,111.0,"DE, Germany",2019-05-28-12-00,2019-05-28-12-40,40.0
"('english',)",s.12f32b51-b464-48fc-aa20-b6993ebffeab.txt,Russia,Russian,27.0,2.0,4.0,4.0,4.0,1.0,1.0,4.0,2.0,2.0,1.0,5.0,2.0,2.0,1.0,1.0,3.0,2.0,4.0,2.0,2.0,4.0,2.0,2.0,2.0,5.0,4.0,3.0,1.0,3.0,2.0,2.0,2.0,3.0,4.0,2.0,4.0,3.0,3.0,2.0,2.0,3.0,1.0,4.0,2.0,2.0,2.0,2.0,3.0,2.0,4.0,2.0,3.0,2.0,2.0,3.0,1.0,4.0,2.0,2.0,2.0,4.0,2.0,4.0,3.0,4.0,2.0,4.0,4.0,3.0,1.0,3.0,2.0,2.0,2.0,2.0,2.0,4.0,4.0,2.0,2.0,2.0,4.0,4.0,1.0,4.0,2.0,2.0,2.0,4.0,3.0,4.0,2.0,3.0,2.0,4.0,3.0,3.0,1.0,4.0,2.0,2.0,2.0,4.0,3.0,4.0,2.0,4.0,2.0,4.0,4.0,3.0,4.0,4.0,2.0,2.0,2.0,4.0,4.0,2.0,4.0,2.0,4.0,3.0,3.0,3.0,1.0,4.0,2.0,2.0,2.0,4.0,4.0,2.0,4.0,2.0,4.0,2.0,3.0,4.0,1.0,4.0,2.0,2.0,4.0,2.0,2.0,4.0,4.0,2.0,2.0,4.0,2.0,3.0,1.0,4.0,2.0,2.0,2.0,3.0,2.0,4.0,2.0,3.0,2.0,4.0,4.0,3.0,1.0,4.0,2.0,3.0,4.0,2.0,4.0,2.0,5.0,2.0,3.0,4.0,3.0,3.0,1.0,4.0,2.0,4.0,2.0,2.0,4.0,4.0,4.0,2.0,4.0,2.0,4.0,3.0,1.0,4.0,2.0,2.0,2.0,4.0,2.0,4.0,2.0,2.0,2.0,2.0,2.0,4.0,1.0,2.0,2.0,2.0,2.0,2.0,2.0,4.0,4.0,4.0,2.0,4.0,3.0,3.0,4.0,4.0,2.0,2.0,2.0,4.0,4.0,3.0,2.0,3.0,4.0,2.0,2.0,3.0,1.0,4.0,2.0,2.0,2.0,4.0,4.0,3.0,3.0,3.0,4.0,4.0,3.0,3.0,1.0,4.0,3.0,3.0,4.0,2.0,1.0,5.0,3.0,3.0,2.0,5.0,3.0,3.0,1.0,2.0,2.0,3.0,3.0,2.0,2.0,3.0,4.0,2.0,3.0,4.0,2.0,3.0,1.0,4.0,2.0,2.0,3.0,3.0,4.0,3.0,4.0,3.0,4.0,2.0,3.0,3.0,1.0,4.0,1.0,1.0,1.0,5.0,5.0,3.0,2.0,2.0,4.0,2.0,2.0,3.0,1.0,4.0,3.0,5.0,3.0,5.0,4.0,5.0,5.0,5.0,5.0,5.0,5.0,5.0,5.0,5.0,4.0,5.0,5.0,5.0,5.0,5.0,3.0,5.0,5.0,5.0,5.0,4.0,4.0,5.0,5.0,4.0,5.0,5.0,4.0,5.0,6.0,6.0,2.0,4.0,21.0,37.0,43.0,32.0,34.0,30.0,80.0,"ES, Spain",2019-06-03-16-33,2019-06-05-13-16,2683.0
"('english',)",s.c3d950db-3974-44c6-99dd-45e3500da435.txt,Australia,English,58.0,1.0,5.0,5.0,5.0,1.0,1.0,1.0,1.0,1.0,1.0,5.0,1.0,1.0,1.0,1.0,4.0,3.0,2.0,1.0,1.0,2.0,1.0,1.0,1.0,5.0,1.0,1.0,1.0,3.0,4.0,5.0,1.0,1.0,1.0,1.0,1.0,1.0,1.0,4.0,1.0,3.0,1.0,4.0,1.0,1.0,1.0,1.0,1.0,1.0,1.0,1.0,1.0,4.0,1.0,1.0,1.0,4.0,1.0,4.0,3.0,1.0,1.0,2.0,1.0,1.0,1.0,5.0,1.0,1.0,1.0,3.0,4.0,4.0,1.0,1.0,1.0,4.0,2.0,1.0,1.0,1.0,2.0,4.0,1.0,4.0,4.0,3.0,1.0,1.0,1.0,4.0,2.0,1.0,1.0,1.0,1.0,3.0,5.0,2.0,1.0,1.0,1.0,4.0,2.0,4.0,1.0,4.0,2.0,1.0,4.0,4.0,1.0,4.0,1.0,1.0,1.0,1.0,4.0,2.0,1.0,1.0,5.0,1.0,4.0,4.0,1.0,5.0,1.0,1.0,1.0,1.0,2.0,1.0,4.0,1.0,4.0,1.0,1.0,4.0,1.0,1.0,1.0,1.0,1.0,4.0,2.0,4.0,1.0,1.0,2.0,2.0,1.0,2.0,1.0,2.0,2.0,1.0,1.0,1.0,1.0,5.0,1.0,1.0,1.0,1.0,3.0,3.0,1.0,5.0,1.0,3.0,4.0,1.0,1.0,1.0,4.0,1.0,2.0,4.0,1.0,4.0,1.0,4.0,1.0,1.0,1.0,1.0,4.0,1.0,5.0,1.0,5.0,1.0,1.0,4.0,1.0,1.0,5.0,5.0,1.0,1.0,1.0,1.0,1.0,1.0,1.0,4.0,1.0,4.0,5.0,1.0,5.0,4.0,2.0,1.0,1.0,4.0,1.0,1.0,1.0,4.0,1.0,2.0,1.0,2.0,1.0,1.0,1.0,5.0,5.0,1.0,1.0,1.0,5.0,1.0,4.0,4.0,5.0,5.0,4.0,4.0,2.0,1.0,1.0,4.0,4.0,2.0,2.0,4.0,1.0,4.0,1.0,1.0,4.0,4.0,2.0,1.0,1.0,4.0,1.0,1.0,1.0,5.0,1.0,1.0,1.0,1.0,4.0,5.0,1.0,1.0,1.0,1.0,2.0,1.0,1.0,4.0,1.0,1.0,1.0,4.0,1.0,1.0,1.0,2.0,2.0,4.0,2.0,1.0,4.0,1.0,4.0,4.0,1.0,4.0,3.0,2.0,2.0,1.0,1.0,2.0,4.0,1.0,2.0,2.0,1.0,3.0,1.0,4.0,2.0,2.0,1.0,1.0,6.0,6.0,2.0,2.0,7.0,5.0,6.0,3.0,6.0,1.0,1.0,5.0,3.0,6.0,2.0,5.0,1.0,7.0,6.0,3.0,3.0,2.0,1.0,2.0,3.0,1.0,7.0,1.0,1.0,2.0,1.0,1.0,1.0,3.0,1.0,17.0,48.0,7.0,18.0,28.0,40.0,"ES, Spain",2019-05-30-20-48,2019-05-30-22-11,83.0
"('english',)",s.682996be-06af-4734-9dd2-67b087263a2c.txt,TAIWAN,Mandarin,32.0,1.0,5.0,5.0,3.0,1.0,1.0,5.0,4.0,3.0,1.0,5.0,1.0,1.0,1.0,1.0,5.0,4.0,4.0,1.0,1.0,4.0,4.0,1.0,1.0,4.0,1.0,1.0,1.0,1.0,2.0,4.0,1.0,1.0,1.0,1.0,4.0,1.0,3.0,3.0,1.0,2.0,1.0,2.0,2.0,4.0,2.0,2.0,2.0,2.0,4.0,2.0,2.0,1.0,1.0,1.0,1.0,1.0,4.0,4.0,4.0,1.0,1.0,3.0,2.0,2.0,2.0,2.0,1.0,1.0,1.0,1.0,3.0,2.0,2.0,3.0,2.0,4.0,2.0,1.0,2.0,4.0,2.0,1.0,1.0,1.0,1.0,1.0,1.0,4.0,4.0,3.0,2.0,1.0,3.0,3.0,2.0,1.0,1.0,1.0,1.0,4.0,2.0,2.0,2.0,3.0,2.0,2.0,2.0,2.0,1.0,1.0,1.0,1.0,1.0,1.0,1.0,4.0,4.0,3.0,2.0,1.0,4.0,2.0,1.0,3.0,1.0,1.0,2.0,4.0,3.0,1.0,1.0,3.0,4.0,1.0,1.0,1.0,1.0,3.0,1.0,1.0,1.0,2.0,2.0,4.0,2.0,3.0,1.0,1.0,3.0,3.0,1.0,1.0,1.0,1.0,4.0,4.0,2.0,1.0,1.0,5.0,4.0,3.0,1.0,5.0,1.0,1.0,1.0,1.0,1.0,4.0,3.0,1.0,1.0,1.0,4.0,1.0,1.0,1.0,1.0,1.0,1.0,1.0,1.0,4.0,1.0,1.0,1.0,1.0,5.0,1.0,2.0,3.0,1.0,1.0,4.0,1.0,2.0,2.0,2.0,4.0,3.0,3.0,3.0,3.0,2.0,3.0,1.0,1.0,1.0,1.0,2.0,2.0,2.0,2.0,2.0,4.0,4.0,3.0,1.0,4.0,1.0,1.0,1.0,1.0,1.0,1.0,1.0,4.0,4.0,3.0,1.0,1.0,4.0,1.0,4.0,2.0,1.0,1.0,1.0,4.0,2.0,2.0,2.0,2.0,4.0,1.0,1.0,3.0,1.0,4.0,1.0,1.0,4.0,2.0,2.0,1.0,1.0,5.0,2.0,1.0,1.0,4.0,1.0,1.0,1.0,1.0,4.0,4.0,2.0,1.0,1.0,1.0,4.0,2.0,2.0,2.0,1.0,1.0,1.0,1.0,1.0,1.0,1.0,4.0,3.0,4.0,1.0,3.0,4.0,1.0,5.0,4.0,1.0,3.0,3.0,4.0,1.0,1.0,1.0,2.0,3.0,1.0,1.0,1.0,1.0,1.0,1.0,1.0,5.0,5.0,5.0,3.0,5.0,1.0,5.0,1.0,7.0,3.0,7.0,5.0,7.0,4.0,5.0,6.0,5.0,5.0,6.0,5.0,1.0,6.0,7.0,5.0,1.0,4.0,4.0,1.0,5.0,3.0,5.0,7.0,6.0,1.0,3.0,6.0,4.0,1.0,3.0,25.0,47.0,34.0,25.0,34.0,85.0,"JP, Japan",2019-05-23-02-55,2019-05-23-03-27,32.0
